[
  {
    "player_name": "Player",
    "total_time": 8.33,
    "average_speed": 0.47,
    "wins": 3,
    "total_levels": 3,
    "date": "2025-09-21 17:29:45",
    "score": 1791.6707150936127
  },
  {
    "player_name": "Player",
    "total_time": 120.28,
    "average_speed": 3.09,
    "wins": 3,
    "total_levels": 3,
    "date": "2025-09-21 21:29:47",
    "score": 1679.723951101303
  },
  {
    "player_name": "Player",
    "total_time": 121.5,
    "average_speed": 2.04,
    "wins": 3,
    "total_levels": 3,
    "date": "2025-09-21 21:49:43",
    "score": 1678.498776435852
  },
  {
    "player_name": "Player",
    "total_time": 126.0,
    "average_speed": 2.86,
    "wins": 3,
    "total_levels": 3,
    "date": "2025-09-21 21:35:17",
    "score": 1673.99937748909
  }
]